number,antenna,frequency,power,modulation,uid,description,par,bandwidth,distance,x,y,angle,sar1g,sar10g,sard1g,sard10g,mpe1g,mpe10g
1,D300,300,19,13,10010,Pulse signal with a period of 10 ms and a duty cycle of 10 %,10,0,15,24,10,15,0.24,0.16,0.25,0.16,1.6,1.6
2,D300,300,19,28,10067,"IEEE 802.11a/h WiFi 5 GHz (OFDM, 36 Mbps)",10.12,20,25,-18,-18,0,0.139,0.098,-0.40,-0.52,1.6,1.6
3,D300,300,20,7,10112,"LTE-FDD (SC-FDMA, 100% RB, 10 MHz, 64-QAM)",6.59,10,25,1,-3,75,0.184,0.129,-0.18,-0.32,1.6,1.6
4,D300,300,21,19,10060,"IEEE 802.11b WiFi 2.4 GHz (DSSS, 5.5 Mbps)",2.83,20,15,21,4,150,0.374,0.249,0.18,0.08,1.6,1.6
5,D300,300,22,22,10100,"LTE-FDD (SC-FDMA, 100% RB, 20 MHz, QPSK)",5.67,20,15,3,-23,30,0.461,0.308,0.09,0.01,1.6,1.6
6,D300,300,24,4,10069,"IEEE 802.11a/h WiFi 5 GHz (OFDM, 54 Mbps)",10.56,20,15,22,8,60,0.725,0.482,0.05,-0.05,1.6,1.6
7,D300,300,25,18,10059,"IEEE 802.11b WiFi 2.4 GHz (DSSS, 2 Mbps)",2.12,20,25,16,-18,90,0.553,0.389,-0.41,-0.53,1.6,1.6
10,D300,300,27,23,10102,"LTE-FDD (SC-FDMA, 100% RB, 20 MHz, 64-QAM)",6.6,20,25,23,-8,120,0.909,0.628,-0.25,-0.45,1.6,1.6
11,D300,300,28,36,10796,"5G NR (CP-OFDM, 1 RB, 30 MHz, QPSK, 30 kHz)",7.82,30,25,4,21,30,1.09,0.762,-0.46,-0.61,1.6,1.6
12,D300,300,29,38,10798,"5G NR (CP-OFDM, 1 RB, 50 MHz, QPSK, 30 kHz)",7.89,50,25,1,11,120,1.37,0.971,-0.47,-0.56,1.6,1.6
13,D300,300,31,9,10227,"LTE-TDD (SC-FDMA, 1 RB, 1,4 MHz, 64-QAM)",10.26,1.4,15,1,-22,15,3.58,2.4,-0.01,-0.08,1.6,1.6
14,D300,300,31,32,10792,"5G NR (CP-OFDM, 1 RB, 10 MHz, QPSK, 30 kHz)",7.92,10,25,13,-25,90,2.17,1.54,-0.47,-0.55,1.6,1.6
15,D300,300,33,25,10063,"IEEE 802.11a/h WiFi 5 GHz (OFDM, 9 Mbps)",8.63,20,15,3,-15,165,5.77,3.86,0.06,-0.01,1.6,1.6
17,D300,300,35,23,10102,"LTE-FDD (SC-FDMA, 100% RB, 20 MHz, 64-QAM)",6.6,20,25,-20,-7,135,5.89,4.18,-0.13,-0.22,1.6,1.6
18,D300,300,36,34,10794,"5G NR (CP-OFDM, 1 RB, 20 MHz, QPSK, 30 kHz)",7.82,20,25,-3,4,60,7.64,5.36,0.00,-0.14,1.6,1.6
19,D300,300,38,39,10799,"5G NR (CP-OFDM, 1 RB, 60 MHz, QPSK, 30 kHz)",7.93,60,25,10,6,120,12,8.48,-0.04,-0.15,1.6,1.6
20,D450,450,16,28,10067,"IEEE 802.11a/h WiFi 5 GHz (OFDM, 36 Mbps)",10.12,20,15,13,-56,15,0.19,0.12,0.18,-0.07,1.6,1.6
21,D450,450,18,31,10791,"5G NR (CP-OFDM, 1 RB, 5 MHz, QPSK, 30 kHz)",7.83,5,25,-1,-25,120,0.21,0.14,0.24,-0.06,1.6,1.6
22,D450,450,19,0,0,Unmodulated carrier,0,0,15,40,-20,30,0.35,0.234,-0.17,-0.17,1.6,1.6
23,D450,450,20,26,10064,"IEEE 802.11a/h WiFi 5 GHz (OFDM, 12 Mbps)",9.09,20,15,25,8,105,0.44,0.29,-0.17,-0.23,1.6,1.6
24,D450,450,21,33,10793,"5G NR (CP-OFDM, 1 RB, 15 MHz, QPSK, 30 kHz)",7.95,15,25,28,25,45,0.41,0.28,0.14,-0.05,1.6,1.6
25,D450,450,22,33,10793,"5G NR (CP-OFDM, 1 RB, 15 MHz, QPSK, 30 kHz)",7.95,15,25,25,-42,45,0.53,0.37,0.26,0.16,1.6,1.6
26,D450,450,22,38,10798,"5G NR (CP-OFDM, 1 RB, 50 MHz, QPSK, 30 kHz)",7.89,50,25,-20,73,30,0.53,0.36,0.26,0.04,1.6,1.6
28,D450,450,24,21,10931,"5G NR (DFT-s-OFDM, 1 RB, 20 MHz, QPSK, 15 kHz)",5.51,20,25,18,67,60,0.83,0.58,0.21,0.11,1.6,1.6
29,D450,450,25,21,10931,"5G NR (DFT-s-OFDM, 1 RB, 20 MHz, QPSK, 15 kHz)",5.51,20,15,-1,33,165,1.42,0.935,-0.09,-0.15,1.6,1.6
30,D450,450,26,35,10795,"5G NR (CP-OFDM, 1 RB, 25 MHz, QPSK, 30 kHz)",7.84,25,25,30,15,60,1.37,0.93,0.38,0.16,1.6,1.6
31,D450,450,27,21,10931,"5G NR (DFT-s-OFDM, 1 RB, 20 MHz, QPSK, 15 kHz)",5.51,20,15,39,98,15,2.19,1.46,-0.20,-0.21,1.6,1.6
32,D450,450,27,36,10796,"5G NR (CP-OFDM, 1 RB, 30 MHz, QPSK, 30 kHz)",7.82,30,15,-12,-99,30,2.44,1.6,0.27,0.18,1.6,1.6
33,D450,450,30,16,10973,"5G NR TDD (DFT-s-OFDM, 1 RB, 100 MHz, QPSK, 30 kHz)",5.68,50,15,30,5,0,4.64,3.08,0.06,0.03,1.6,1.6
34,D450,450,31,1,10646,"LTE-TDD (SC-FDMA, 1 RB, 5 MHz, QPSK, UL Subframe=2,7)",11.96,5,15,33,-66,0,6.4,4.2,0.45,0.38,1.6,1.6
36,D450,450,32,7,10112,"LTE-FDD (SC-FDMA, 100% RB, 10 MHz, 64-QAM)",6.59,10,15,-4,49,120,7.25,4.75,-0.01,-0.09,1.6,1.6
37,D450,450,32,17,10415,"IEEE 802.11b WiFi 2.4 GHz (DSSS, 1 Mbps, 99pc duty cycle)",1.54,20,15,-38,-60,45,7.49,4.87,0.14,0.02,1.6,1.6
38,D450,450,32,28,10067,"IEEE 802.11a/h WiFi 5 GHz (OFDM, 36 Mbps)",10.12,20,25,37,56,135,5.36,3.7,0.31,0.16,1.6,1.6
39,D450,450,36,26,10064,"IEEE 802.11a/h WiFi 5 GHz (OFDM, 12 Mbps)",9.09,20,15,23,21,45,18.7,12.4,0.11,0.08,1.6,1.6
40,D750,750,14,6,10905,"5G NR (DFT-s-OFDM, 1 RB, 60 MHz, QPSK, 30 kHz)",5.68,60,15,31,3,105,0.209,0.133,-0.09,-0.20,1.5,1.5
41,D750,750,14,28,10067,"IEEE 802.11a/h WiFi 5 GHz (OFDM, 36 Mbps)",10.12,20,25,26,-93,75,0.136,0.089,0.22,-0.06,1.5,1.5
42,D750,750,15,35,10795,"5G NR (CP-OFDM, 1 RB, 25 MHz, QPSK, 30 kHz)",7.84,25,25,-9,30,15,0.163,0.109,0.00,-0.18,1.5,1.5
43,D750,750,16,41,10802,"5G NR (CP-OFDM, 1 RB, 90 MHz, QPSK, 30 kHz)",7.87,90,15,-40,-38,0,0.342,0.217,0.05,-0.08,1.5,1.5
44,D750,750,17,19,10060,"IEEE 802.11b WiFi 2.4 GHz (DSSS, 5.5 Mbps)",2.83,20,15,45,101,0,0.448,0.279,0.22,0.01,1.5,1.5
45,D750,750,18,12,10834,"5G NR (CP-OFDM, 1 RB, 30 MHz, QPSK, 60 kHz)",7.75,30,25,-3,65,0,0.326,0.219,0.01,-0.15,1.5,1.5
46,D750,750,20,14,10770,"5G NR TDD (CP-OFDM, 1 RB, 20 MHz, QPSK, 15 kHz)",8.02,100,15,-6,65,150,0.84,0.536,-0.05,-0.15,1.5,1.5
47,D750,750,20,27,10066,"IEEE 802.11a/h WiFi 5 GHz (OFDM, 24 Mbps)",9.38,20,25,-7,100,60,0.53,0.353,0.12,-0.07,1.5,1.5
48,D750,750,20,30,10647,"LTE-TDD (SC-FDMA, 1 RB, 20 MHz, QPSK, UL Subframe=2,7)",11.96,20,15,3,22,0,0.852,0.541,0.02,-0.11,1.5,1.5
49,D750,750,22,41,10802,"5G NR (CP-OFDM, 1 RB, 90 MHz, QPSK, 30 kHz)",7.87,90,25,46,-44,75,0.858,0.57,0.22,0.01,1.5,1.5
50,D750,750,24,9,10227,"LTE-TDD (SC-FDMA, 1 RB, 1,4 MHz, 64-QAM)",10.26,1.4,15,27,42,135,2.13,1.36,-0.01,-0.11,1.5,1.5
51,D750,750,24,11,10718,"IEEE 802.11ax (40MHz, MCS11, 99pc duty cycle)",8.24,40,25,-7,-43,135,1.28,0.865,-0.05,-0.18,1.5,1.5
52,D750,750,24,17,10415,"IEEE 802.11b WiFi 2.4 GHz (DSSS, 1 Mbps, 99pc duty cycle)",1.54,20,15,45,-5,120,2.11,1.31,-0.05,-0.27,1.5,1.5
53,D750,750,26,1,10646,"LTE-TDD (SC-FDMA, 1 RB, 5 MHz, QPSK, UL Subframe=2,7)",11.96,5,25,5,-55,135,2.09,1.4,0.08,-0.09,1.5,1.5
54,D750,750,28,34,10794,"5G NR (CP-OFDM, 1 RB, 20 MHz, QPSK, 30 kHz)",7.82,20,25,-34,60,90,3.37,2.24,0.16,-0.05,1.5,1.5
55,D750,750,29,32,10792,"5G NR (CP-OFDM, 1 RB, 10 MHz, QPSK, 30 kHz)",7.92,10,15,12,95,30,7.26,4.58,0.32,0.17,1.5,1.5
56,D750,750,29,40,10801,"5G NR (CP-OFDM, 1 RB, 80 MHz, QPSK, 30 kHz)",7.89,80,25,-10,17,15,4.32,2.88,0.24,0.04,1.5,1.5
57,D750,750,30,27,10066,"IEEE 802.11a/h WiFi 5 GHz (OFDM, 24 Mbps)",9.38,20,15,20,106,15,9.05,5.7,0.28,0.12,1.5,1.5
58,D750,750,32,17,10415,"IEEE 802.11b WiFi 2.4 GHz (DSSS, 1 Mbps, 99pc duty cycle)",1.54,20,15,-23,92,105,13,8.27,-0.15,-0.27,1.5,1.5
59,D750,750,33,5,10077,"IEEE 802.11g WiFi 2,4 GHz (DSSS/OFDM, 54 Mbps)",11,20,25,22,63,105,10.4,7.02,0.05,-0.09,1.5,1.5
60,D835,835,10,28,10067,"IEEE 802.11a/h WiFi 5 GHz (OFDM, 36 Mbps)",10.12,20,5,-13,-104,150,0.117,0.063,0.20,0.38,1.5,1.5
61,D835,835,12,22,10100,"LTE-FDD (SC-FDMA, 100% RB, 20 MHz, QPSK)",5.67,20,15,-22,68,30,0.148,0.093,-0.10,-0.25,1.5,1.5
62,D835,835,12,35,10795,"5G NR (CP-OFDM, 1 RB, 25 MHz, QPSK, 30 kHz)",7.84,25,5,14,107,165,0.188,0.102,0.26,0.47,1.5,1.5
63,D835,835,14,21,10931,"5G NR (DFT-s-OFDM, 1 RB, 20 MHz, QPSK, 15 kHz)",5.51,20,25,33,73,105,0.142,0.094,0.12,-0.10,1.5,1.5
64,D835,835,15,9,10227,"LTE-TDD (SC-FDMA, 1 RB, 1,4 MHz, 64-QAM)",10.26,1.4,25,-1,-8,120,0.17,0.112,-0.10,-0.33,1.5,1.5
65,D835,835,16,0,0,Unmodulated carrier,0,0,5,22,-63,150,0.457,0.251,0.12,0.38,1.5,1.5
66,D835,835,16,14,10770,"5G NR TDD (CP-OFDM, 1 RB, 20 MHz, QPSK, 15 kHz)",8.02,100,5,-6,80,165,0.424,0.239,-0.21,0.17,1.5,1.5
67,D835,835,20,40,10801,"5G NR (CP-OFDM, 1 RB, 80 MHz, QPSK, 30 kHz)",7.89,80,5,-46,43,150,1.11,0.615,-0.03,0.27,1.5,1.5
68,D835,835,21,25,10063,"IEEE 802.11a/h WiFi 5 GHz (OFDM, 9 Mbps)",8.63,20,25,-26,-17,150,0.701,0.462,0.05,-0.18,1.5,1.5
69,D835,835,21,31,10791,"5G NR (CP-OFDM, 1 RB, 5 MHz, QPSK, 30 kHz)",7.83,5,5,6,-31,60,1.37,0.75,-0.12,0.13,1.5,1.5
70,D835,835,21,33,10793,"5G NR (CP-OFDM, 1 RB, 15 MHz, QPSK, 30 kHz)",7.95,15,25,-43,34,60,0.705,0.463,0.08,-0.17,1.5,1.5
71,D835,835,22,34,10794,"5G NR (CP-OFDM, 1 RB, 20 MHz, QPSK, 30 kHz)",7.82,20,5,-2,-84,30,1.86,1,0.21,0.38,1.5,1.5
72,D835,835,23,4,10069,"IEEE 802.11a/h WiFi 5 GHz (OFDM, 54 Mbps)",10.56,20,25,-6,92,15,1.12,0.738,0.09,-0.15,1.5,1.5
73,D835,835,24,7,10112,"LTE-FDD (SC-FDMA, 100% RB, 10 MHz, 64-QAM)",6.59,10,15,36,31,30,2.43,1.52,0.05,-0.12,1.5,1.5
74,D835,835,25,25,10063,"IEEE 802.11a/h WiFi 5 GHz (OFDM, 9 Mbps)",8.63,20,15,-38,-57,105,2.93,1.83,-0.14,-0.31,1.5,1.5
75,D835,835,27,17,10415,"IEEE 802.11b WiFi 2.4 GHz (DSSS, 1 Mbps, 99pc duty cycle)",1.54,20,15,-16,63,90,4.71,2.95,-0.07,-0.24,1.5,1.5
76,D835,835,28,37,10797,"5G NR (CP-OFDM, 1 RB, 40 MHz, QPSK, 30 kHz)",8.01,40,25,8,-67,45,3.59,2.37,0.15,-0.08,1.5,1.5
77,D835,835,29,10,10011,"WCDMA, 12,2 kbps RMC, IS-2000",2.91,5,15,-18,-92,150,7.71,4.82,0.07,-0.11,1.5,1.5
78,D835,835,30,22,10100,"LTE-FDD (SC-FDMA, 100% RB, 20 MHz, QPSK)",5.67,20,25,6,-7,90,5.34,3.56,-0.13,-0.31,1.5,1.5
79,D835,835,32,19,10060,"IEEE 802.11b WiFi 2.4 GHz (DSSS, 5.5 Mbps)",2.83,20,15,-11,-79,90,15.4,9.55,0.07,-0.14,1.5,1.5
80,D900,900,5,25,10063,"IEEE 802.11a/h WiFi 5 GHz (OFDM, 9 Mbps)",8.63,20,5,24,-85,75,0.044,0.024,0.19,0.46,1.5,1.5
81,D900,900,8,4,10069,"IEEE 802.11a/h WiFi 5 GHz (OFDM, 54 Mbps)",10.56,20,5,-1,-103,75,0.087,0.047,0.15,0.38,1.5,1.5
82,D900,900,11,6,10905,"5G NR (DFT-s-OFDM, 1 RB, 60 MHz, QPSK, 30 kHz)",5.68,60,5,44,-73,30,0.177,0.095,0.24,0.44,1.5,1.5
83,D900,900,12,23,10102,"LTE-FDD (SC-FDMA, 100% RB, 20 MHz, 64-QAM)",6.6,20,15,-15,-4,150,0.175,0.106,0.05,-0.19,1.5,1.5
84,D900,900,14,26,10064,"IEEE 802.11a/h WiFi 5 GHz (OFDM, 12 Mbps)",9.09,20,15,-45,1,105,0.271,0.165,-0.05,-0.27,1.5,1.5
85,D900,900,14,38,10798,"5G NR (CP-OFDM, 1 RB, 50 MHz, QPSK, 30 kHz)",7.89,50,25,-29,2,120,0.147,0.096,-0.10,-0.30,1.5,1.5
86,D900,900,17,1,10646,"LTE-TDD (SC-FDMA, 1 RB, 5 MHz, QPSK, UL Subframe=2,7)",11.96,5,25,46,89,165,0.306,0.193,0.08,-0.27,1.5,1.5
87,D900,900,18,32,10792,"5G NR (CP-OFDM, 1 RB, 10 MHz, QPSK, 30 kHz)",7.92,10,25,36,-23,90,0.372,0.242,-0.07,-0.29,1.5,1.5
88,D900,900,18,38,10798,"5G NR (CP-OFDM, 1 RB, 50 MHz, QPSK, 30 kHz)",7.89,50,5,33,47,75,0.89,0.484,0.25,0.51,1.5,1.5
89,D900,900,19,28,10067,"IEEE 802.11a/h WiFi 5 GHz (OFDM, 36 Mbps)",10.12,20,25,5,76,0,0.455,0.3,-0.19,-0.35,1.5,1.5
90,D900,900,20,34,10794,"5G NR (CP-OFDM, 1 RB, 20 MHz, QPSK, 30 kHz)",7.82,20,15,-31,84,60,1.12,0.69,0.11,-0.05,1.5,1.5
91,D900,900,20,35,10795,"5G NR (CP-OFDM, 1 RB, 25 MHz, QPSK, 30 kHz)",7.84,25,15,-29,-62,135,1.07,0.664,-0.09,-0.22,1.5,1.5
92,D900,900,22,25,10063,"IEEE 802.11a/h WiFi 5 GHz (OFDM, 9 Mbps)",8.63,20,25,23,-80,30,0.978,0.65,0.13,0.01,1.5,1.5
93,D900,900,23,18,10059,"IEEE 802.11b WiFi 2.4 GHz (DSSS, 2 Mbps)",2.12,20,5,7,46,60,2.77,1.49,0.18,0.39,1.5,1.5
94,D900,900,24,32,10792,"5G NR (CP-OFDM, 1 RB, 10 MHz, QPSK, 30 kHz)",7.92,10,25,2,-20,90,1.42,0.946,-0.25,-0.36,1.5,1.5
95,D900,900,26,34,10794,"5G NR (CP-OFDM, 1 RB, 20 MHz, QPSK, 30 kHz)",7.82,20,25,-35,-101,90,2.42,1.58,0.06,-0.14,1.5,1.5
96,D900,900,29,0,0,Unmodulated carrier,0,0,15,-9,-13,30,8.47,5.32,-0.10,-0.18,1.5,1.5
97,D900,900,29,11,10718,"IEEE 802.11ax (40MHz, MCS11, 99pc duty cycle)",8.24,40,25,6,-19,45,4.52,2.96,-0.22,-0.41,1.5,1.5
98,D900,900,31,27,10066,"IEEE 802.11a/h WiFi 5 GHz (OFDM, 24 Mbps)",9.38,20,15,-46,48,90,13.5,8.28,-0.08,-0.26,1.5,1.5
99,D900,900,31,32,10792,"5G NR (CP-OFDM, 1 RB, 10 MHz, QPSK, 30 kHz)",7.92,10,25,24,80,15,8.46,5.59,0.50,0.35,1.5,1.5
100,D1450,1450,3,17,10415,"IEEE 802.11b WiFi 2.4 GHz (DSSS, 1 Mbps, 99pc duty cycle)",1.54,20,5,26,88,135,0.061,0.032,-0.63,-0.38,1.5,1.5
101,D1450,1450,5,37,10797,"5G NR (CP-OFDM, 1 RB, 40 MHz, QPSK, 30 kHz)",8.01,40,5,22,78,0,0.104,0.054,-0.32,-0.10,1.5,1.5
102,D1450,1450,8,2,10030,"IEEE 802.15.1 Bluetooth (GFSK, DH1)",5.3,1.4,5,32,-81,165,0.208,0.108,-0.31,-0.09,1.5,1.5
103,D1450,1450,15,27,10066,"IEEE 802.11a/h WiFi 5 GHz (OFDM, 24 Mbps)",9.38,20,25,16,69,165,0.238,0.146,0.20,0.03,1.5,1.5
104,D1450,1450,16,40,10801,"5G NR (CP-OFDM, 1 RB, 80 MHz, QPSK, 30 kHz)",7.89,80,25,21,-30,60,0.301,0.185,0.22,0.06,1.5,1.5
105,D1450,1450,16,5,10077,"IEEE 802.11g WiFi 2,4 GHz (DSSS/OFDM, 54 Mbps)",11,20,10,18,81,120,1.1,0.612,-0.24,-0.24,1.5,1.5
106,D1450,1450,16,27,10066,"IEEE 802.11a/h WiFi 5 GHz (OFDM, 24 Mbps)",9.38,20,10,-4,54,120,1.07,0.598,-0.36,-0.34,1.5,1.5
107,D1450,1450,16,30,10647,"LTE-TDD (SC-FDMA, 1 RB, 20 MHz, QPSK, UL Subframe=2,7)",11.96,20,10,31,93,0,1.17,0.63,0.03,-0.11,1.5,1.5
108,D1450,1450,17,40,10801,"5G NR (CP-OFDM, 1 RB, 80 MHz, QPSK, 30 kHz)",7.89,80,10,-20,58,0,1.46,0.787,-0.01,-0.15,1.5,1.5
109,D1450,1450,19,27,10066,"IEEE 802.11a/h WiFi 5 GHz (OFDM, 24 Mbps)",9.38,20,5,-21,8,75,2.49,1.32,-0.53,-0.22,1.5,1.5
110,D1450,1450,20,5,10077,"IEEE 802.11g WiFi 2,4 GHz (DSSS/OFDM, 54 Mbps)",11,20,10,-31,53,165,2.89,1.56,-0.05,-0.17,1.5,1.5
111,D1450,1450,20,34,10794,"5G NR (CP-OFDM, 1 RB, 20 MHz, QPSK, 30 kHz)",7.82,20,5,-11,-107,45,3.34,1.73,-0.25,-0.05,1.5,1.5
112,D1450,1450,21,36,10796,"5G NR (CP-OFDM, 1 RB, 30 MHz, QPSK, 30 kHz)",7.82,30,10,23,-67,60,3.59,1.98,-0.11,-0.14,1.5,1.5
113,D1450,1450,22,19,10060,"IEEE 802.11b WiFi 2.4 GHz (DSSS, 5.5 Mbps)",2.83,20,5,12,-46,120,5.11,2.61,-0.40,-0.26,1.5,1.5
114,D1450,1450,24,11,10718,"IEEE 802.11ax (40MHz, MCS11, 99pc duty cycle)",8.24,40,10,18,-37,150,6.74,3.77,-0.37,-0.34,1.5,1.5
115,D1450,1450,24,11,10718,"IEEE 802.11ax (40MHz, MCS11, 99pc duty cycle)",8.24,40,25,-25,6,75,1.89,1.18,0.20,0.10,1.5,1.5
116,D1450,1450,25,18,10059,"IEEE 802.11b WiFi 2.4 GHz (DSSS, 2 Mbps)",2.12,20,10,-21,-51,30,9.12,4.99,-0.06,-0.12,1.5,1.5
117,D1450,1450,26,5,10077,"IEEE 802.11g WiFi 2,4 GHz (DSSS/OFDM, 54 Mbps)",11,20,10,-47,-35,15,11.5,6.24,-0.05,-0.15,1.5,1.5
118,D1450,1450,26,7,10112,"LTE-FDD (SC-FDMA, 100% RB, 10 MHz, 64-QAM)",6.59,10,25,-15,-42,30,3,1.87,0.21,0.10,1.5,1.5
119,D1450,1450,32,20,10061,"IEEE 802.11b WiFi 2.4 GHz (DSSS, 11 Mbps)",3.6,20,25,-3,57,60,12.4,7.54,0.37,0.16,1.5,1.5
120,D1750,1750,5,10,10011,"WCDMA, 12,2 kbps RMC, IS-2000",2.91,5,10,31,-83,105,0.118,0.062,0.11,0.07,1.5,1.5
121,D1750,1750,5,4,10069,"IEEE 802.11a/h WiFi 5 GHz (OFDM, 54 Mbps)",10.56,20,10,39,24,120,0.116,0.061,0.03,0.00,1.5,1.5
122,D1750,1750,7,32,10792,"5G NR (CP-OFDM, 1 RB, 10 MHz, QPSK, 30 kHz)",7.92,10,5,-30,-73,0,0.238,0.116,0.02,0.15,1.5,1.5
123,D1750,1750,9,39,10799,"5G NR (CP-OFDM, 1 RB, 60 MHz, QPSK, 30 kHz)",7.93,60,10,-20,83,105,0.296,0.155,0.10,0.05,1.5,1.5
124,D1750,1750,11,14,10770,"5G NR TDD (CP-OFDM, 1 RB, 20 MHz, QPSK, 15 kHz)",8.02,100,10,-9,102,105,0.474,0.244,0.15,0.02,1.5,1.5
125,D1750,1750,12,23,10102,"LTE-FDD (SC-FDMA, 100% RB, 20 MHz, 64-QAM)",6.6,20,10,18,-22,105,0.587,0.305,0.08,-0.01,1.5,1.5
126,D1750,1750,14,27,10066,"IEEE 802.11a/h WiFi 5 GHz (OFDM, 24 Mbps)",9.38,20,25,18,44,45,0.195,0.114,0.50,0.31,1.5,1.5
127,D1750,1750,15,2,10030,"IEEE 802.15.1 Bluetooth (GFSK, DH1)",5.3,1.4,25,-27,-48,15,0.235,0.14,0.31,0.20,1.5,1.5
128,D1750,1750,15,31,10791,"5G NR (CP-OFDM, 1 RB, 5 MHz, QPSK, 30 kHz)",7.83,5,5,34,-26,90,1.48,0.728,-0.05,0.13,1.5,1.5
129,D1750,1750,17,19,10060,"IEEE 802.11b WiFi 2.4 GHz (DSSS, 5.5 Mbps)",2.83,20,25,-16,-27,105,0.373,0.222,0.31,0.20,1.5,1.5
130,D1750,1750,17,20,10061,"IEEE 802.11b WiFi 2.4 GHz (DSSS, 11 Mbps)",3.6,20,5,-34,-14,165,2.35,1.17,-0.04,0.19,1.5,1.5
131,D1750,1750,19,9,10227,"LTE-TDD (SC-FDMA, 1 RB, 1,4 MHz, 64-QAM)",10.26,1.4,10,24,16,15,2.93,1.53,0.06,-0.01,1.5,1.5
132,D1750,1750,19,13,10010,Pulse signal with a period of 10 ms and a duty cycle of 10 %,10,0,25,-19,-19,60,0.594,0.353,0.33,0.22,1.5,1.5
133,D1750,1750,21,33,10793,"5G NR (CP-OFDM, 1 RB, 15 MHz, QPSK, 30 kHz)",7.95,15,25,-5,-104,0,0.954,0.566,0.39,0.27,1.5,1.5
134,D1750,1750,23,12,10834,"5G NR (CP-OFDM, 1 RB, 30 MHz, QPSK, 60 kHz)",7.75,30,5,11,98,75,8.82,4.49,-0.29,0.03,1.5,1.5
135,D1750,1750,23,17,10415,"IEEE 802.11b WiFi 2.4 GHz (DSSS, 1 Mbps, 99pc duty cycle)",1.54,20,10,39,-86,45,7.46,3.96,0.12,0.12,1.5,1.5
136,D1750,1750,23,22,10100,"LTE-FDD (SC-FDMA, 100% RB, 20 MHz, QPSK)",5.67,20,10,27,104,165,7.21,3.69,-0.03,-0.19,1.5,1.5
137,D1750,1750,23,31,10791,"5G NR (CP-OFDM, 1 RB, 5 MHz, QPSK, 30 kHz)",7.83,5,5,40,-103,75,9,4.4,-0.21,-0.06,1.5,1.5
138,D1750,1750,30,26,10064,"IEEE 802.11a/h WiFi 5 GHz (OFDM, 12 Mbps)",9.09,20,25,47,86,105,7.6,4.49,0.40,0.26,1.5,1.5
139,D1750,1750,32,32,10792,"5G NR (CP-OFDM, 1 RB, 10 MHz, QPSK, 30 kHz)",7.92,10,25,-41,20,30,12.8,7.48,0.67,0.48,1.5,1.5
140,D1950,1950,7,34,10794,"5G NR (CP-OFDM, 1 RB, 20 MHz, QPSK, 30 kHz)",7.82,20,5,7,39,15,0.296,0.136,-0.43,-0.37,1.5,1.5
141,D1950,1950,8,33,10793,"5G NR (CP-OFDM, 1 RB, 15 MHz, QPSK, 30 kHz)",7.95,15,10,13,-18,0,0.263,0.13,0.13,-0.06,1.5,1.5
142,D1950,1950,11,40,10801,"5G NR (CP-OFDM, 1 RB, 80 MHz, QPSK, 30 kHz)",7.89,80,10,-11,103,75,0.522,0.26,0.10,-0.05,1.5,1.5
143,D1950,1950,12,33,10793,"5G NR (CP-OFDM, 1 RB, 15 MHz, QPSK, 30 kHz)",7.95,15,5,-2,83,90,0.902,0.43,-0.59,-0.37,1.5,1.5
144,D1950,1950,13,6,10905,"5G NR (DFT-s-OFDM, 1 RB, 60 MHz, QPSK, 30 kHz)",5.68,60,25,-32,-22,105,0.141,0.083,0.10,0.01,1.5,1.5
145,D1950,1950,13,14,10770,"5G NR TDD (CP-OFDM, 1 RB, 20 MHz, QPSK, 15 kHz)",8.02,100,25,-24,1,135,0.14,0.081,0.07,-0.10,1.5,1.5
146,D1950,1950,14,20,10061,"IEEE 802.11b WiFi 2.4 GHz (DSSS, 11 Mbps)",3.6,20,5,14,-99,45,1.48,0.703,-0.44,-0.24,1.5,1.5
147,D1950,1950,16,13,10010,Pulse signal with a period of 10 ms and a duty cycle of 10 %,10,0,5,-40,28,165,2.31,1.09,-0.50,-0.33,1.5,1.5
148,D1950,1950,16,16,10973,"5G NR TDD (DFT-s-OFDM, 1 RB, 100 MHz, QPSK, 30 kHz)",5.68,50,25,34,-44,15,0.281,0.165,0.09,-0.01,1.5,1.5
149,D1950,1950,17,30,10647,"LTE-TDD (SC-FDMA, 1 RB, 20 MHz, QPSK, UL Subframe=2,7)",11.96,20,10,-13,-96,45,2.02,1.02,-0.02,-0.12,1.5,1.5
150,D1950,1950,20,0,0,Unmodulated carrier,0,0,10,45,34,135,4,2.02,-0.05,-0.15,1.5,1.5
151,D1950,1950,20,35,10795,"5G NR (CP-OFDM, 1 RB, 25 MHz, QPSK, 30 kHz)",7.84,25,5,17,-14,60,6.11,2.81,-0.28,-0.22,1.5,1.5
152,D1950,1950,20,40,10801,"5G NR (CP-OFDM, 1 RB, 80 MHz, QPSK, 30 kHz)",7.89,80,25,28,-65,120,0.68,0.402,-0.07,-0.14,1.5,1.5
153,D1950,1950,21,34,10794,"5G NR (CP-OFDM, 1 RB, 20 MHz, QPSK, 30 kHz)",7.82,20,25,-8,-34,120,0.877,0.512,0.04,-0.09,1.5,1.5
154,D1950,1950,21,37,10797,"5G NR (CP-OFDM, 1 RB, 40 MHz, QPSK, 30 kHz)",8.01,40,5,-31,31,90,7.56,3.4,-0.35,-0.39,1.5,1.5
155,D1950,1950,24,21,10931,"5G NR (DFT-s-OFDM, 1 RB, 20 MHz, QPSK, 15 kHz)",5.51,20,25,-32,-53,135,1.72,1.02,-0.04,-0.09,1.5,1.5
156,D1950,1950,25,14,10770,"5G NR TDD (CP-OFDM, 1 RB, 20 MHz, QPSK, 15 kHz)",8.02,100,10,-17,55,0,12.9,6.4,0.03,-0.14,1.5,1.5
157,D1950,1950,25,37,10797,"5G NR (CP-OFDM, 1 RB, 40 MHz, QPSK, 30 kHz)",8.01,40,25,-48,51,30,2.15,1.23,-0.07,-0.28,1.5,1.5
158,D1950,1950,28,10,10011,"WCDMA, 12,2 kbps RMC, IS-2000",2.91,5,25,0,87,0,4.29,2.52,-0.07,-0.17,1.5,1.5
159,D1950,1950,30,34,10794,"5G NR (CP-OFDM, 1 RB, 20 MHz, QPSK, 30 kHz)",7.82,20,25,36,-63,15,7.18,4.17,0.17,0.02,1.5,1.5
160,D2300,2300,3,4,10069,"IEEE 802.11a/h WiFi 5 GHz (OFDM, 54 Mbps)",10.56,20,5,42,79,165,0.16,0.07,-0.19,-0.07,1.5,1.5
161,D2300,2300,6,9,10227,"LTE-TDD (SC-FDMA, 1 RB, 1,4 MHz, 64-QAM)",10.26,1.4,10,-20,27,45,0.193,0.092,-0.02,-0.04,1.5,1.5
162,D2300,2300,7,1,10646,"LTE-TDD (SC-FDMA, 1 RB, 5 MHz, QPSK, UL Subframe=2,7)",11.96,5,5,43,94,135,0.394,0.176,-0.27,-0.07,1.5,1.5
163,D2300,2300,8,33,10793,"5G NR (CP-OFDM, 1 RB, 15 MHz, QPSK, 30 kHz)",7.95,15,10,47,-18,15,0.311,0.147,0.05,0.00,1.5,1.5
164,D2300,2300,10,19,10060,"IEEE 802.11b WiFi 2.4 GHz (DSSS, 5.5 Mbps)",2.83,20,10,-32,-2,30,0.489,0.227,0.02,-0.11,1.5,1.5
165,D2300,2300,12,2,10030,"IEEE 802.15.1 Bluetooth (GFSK, DH1)",5.3,1.4,25,-22,-75,120,0.104,0.058,-0.01,-0.08,1.5,1.5
166,D2300,2300,14,15,10974,"5G NR TDD (CP-OFDM, 100% RB, 100 MHz, 256-QAM, 30 kHz)",10.28,100,25,-42,-61,150,0.164,0.091,-0.03,-0.12,1.5,1.5
167,D2300,2300,15,12,10834,"5G NR (CP-OFDM, 1 RB, 30 MHz, QPSK, 60 kHz)",7.75,30,10,-34,105,90,1.57,0.721,0.08,-0.09,1.5,1.5
168,D2300,2300,15,20,10061,"IEEE 802.11b WiFi 2.4 GHz (DSSS, 11 Mbps)",3.6,20,5,-14,14,135,2.43,1.07,-0.37,-0.23,1.5,1.5
169,D2300,2300,16,26,10064,"IEEE 802.11a/h WiFi 5 GHz (OFDM, 12 Mbps)",9.09,20,10,-44,35,165,1.94,0.904,0.00,-0.11,1.5,1.5
170,D2300,2300,17,1,10646,"LTE-TDD (SC-FDMA, 1 RB, 5 MHz, QPSK, UL Subframe=2,7)",11.96,5,5,8,-78,135,3.63,1.62,-0.63,-0.43,1.5,1.5
171,D2300,2300,17,30,10647,"LTE-TDD (SC-FDMA, 1 RB, 20 MHz, QPSK, UL Subframe=2,7)",11.96,20,5,3,12,90,4.17,1.76,-0.03,-0.07,1.5,1.5
172,D2300,2300,19,2,10030,"IEEE 802.15.1 Bluetooth (GFSK, DH1)",5.3,1.4,5,39,-68,75,5.99,2.75,-0.45,-0.13,1.5,1.5
173,D2300,2300,19,34,10794,"5G NR (CP-OFDM, 1 RB, 20 MHz, QPSK, 30 kHz)",7.82,20,5,-35,-87,15,5.93,2.72,-0.50,-0.18,1.5,1.5
174,D2300,2300,20,22,10100,"LTE-FDD (SC-FDMA, 100% RB, 20 MHz, QPSK)",5.67,20,5,-49,7,165,7.89,3.37,-0.26,-0.25,1.5,1.5
175,D2300,2300,21,5,10077,"IEEE 802.11g WiFi 2,4 GHz (DSSS/OFDM, 54 Mbps)",11,20,5,-15,26,0,9.86,4.40,-0.29,-0.09,1.5,1.5
176,D2300,2300,22,17,10415,"IEEE 802.11b WiFi 2.4 GHz (DSSS, 1 Mbps, 99pc duty cycle)",1.54,20,5,-19,95,60,14.50,6.28,0.39,0.46,1.5,1.5
177,D2300,2300,22,41,10802,"5G NR (CP-OFDM, 1 RB, 90 MHz, QPSK, 30 kHz)",7.87,90,25,29,54,150,1.03,0.56,-0.05,-0.20,1.5,1.5
178,D2300,2300,24,41,10802,"5G NR (CP-OFDM, 1 RB, 90 MHz, QPSK, 30 kHz)",7.87,90,25,-28,40,135,1.62,0.89,-0.08,-0.21,1.5,1.5
179,D2300,2300,30,40,10801,"5G NR (CP-OFDM, 1 RB, 80 MHz, QPSK, 30 kHz)",7.89,80,25,-27,26,105,6.61,3.65,0.03,-0.09,1.5,1.5
180,D2450,2450,3,34,10794,"5G NR (CP-OFDM, 1 RB, 20 MHz, QPSK, 30 kHz)",7.82,20,5,-34,-58,45,0.169,0.073,-0.46,-0.29,1.5,1.5
181,D2450,2450,5,26,10064,"IEEE 802.11a/h WiFi 5 GHz (OFDM, 12 Mbps)",9.09,20,10,-19,2,15,0.158,0.074,-0.12,-0.07,1.5,1.5
182,D2450,2450,5,41,10802,"5G NR (CP-OFDM, 1 RB, 90 MHz, QPSK, 30 kHz)",7.87,90,10,-44,-56,135,0.154,0.073,-0.23,-0.13,1.5,1.5
183,D2450,2450,8,7,10112,"LTE-FDD (SC-FDMA, 100% RB, 10 MHz, 64-QAM)",6.59,10,10,-37,59,120,0.317,0.147,-0.10,-0.09,1.5,1.5
184,D2450,2450,9,11,10718,"IEEE 802.11ax (40MHz, MCS11, 99pc duty cycle)",8.24,40,5,-37,29,30,0.624,0.28,-0.79,-0.45,1.5,1.5
185,D2450,2450,9,20,10061,"IEEE 802.11b WiFi 2.4 GHz (DSSS, 11 Mbps)",3.6,20,10,16,-75,150,0.405,0.184,-0.04,-0.12,1.5,1.5
186,D2450,2450,10,21,10931,"5G NR (DFT-s-OFDM, 1 RB, 20 MHz, QPSK, 15 kHz)",5.51,20,10,-27,-88,60,0.484,0.229,-0.26,-0.17,1.5,1.5
187,D2450,2450,15,25,10063,"IEEE 802.11a/h WiFi 5 GHz (OFDM, 9 Mbps)",8.63,20,5,-14,85,105,2.52,1.1,-0.73,-0.51,1.5,1.5
188,D2450,2450,16,20,10061,"IEEE 802.11b WiFi 2.4 GHz (DSSS, 11 Mbps)",3.6,20,10,-8,-55,0,2.01,0.926,-0.08,-0.10,1.5,1.5
189,D2450,2450,16,4,10069,"IEEE 802.11a/h WiFi 5 GHz (OFDM, 54 Mbps)",10.56,20,5,-47,19,90,3.49,1.4,-0.31,-0.46,1.5,1.5
190,D2450,2450,17,13,10010,Pulse signal with a period of 10 ms and a duty cycle of 10 %,10,0,5,-36,-32,15,4.06,1.75,-0.66,-0.49,1.5,1.5
191,D2450,2450,18,13,10010,Pulse signal with a period of 10 ms and a duty cycle of 10 %,10,0,5,38,102,45,5.07,2.27,-0.69,-0.36,1.5,1.5
192,D2450,2450,18,39,10799,"5G NR (CP-OFDM, 1 RB, 60 MHz, QPSK, 30 kHz)",7.93,60,5,3,29,45,5.21,2.24,-0.57,-0.42,1.5,1.5
193,D2450,2450,19,18,10059,"IEEE 802.11b WiFi 2.4 GHz (DSSS, 2 Mbps)",2.12,20,25,-47,36,150,0.512,0.272,-0.46,-0.60,1.5,1.5
194,D2450,2450,20,38,10798,"5G NR (CP-OFDM, 1 RB, 50 MHz, QPSK, 30 kHz)",7.89,50,25,9,82,0,0.628,0.342,-0.58,-0.60,1.5,1.5
195,D2450,2450,22,4,10069,"IEEE 802.11a/h WiFi 5 GHz (OFDM, 54 Mbps)",10.56,20,25,-10,14,75,1.04,0.558,-0.38,-0.48,1.5,1.5
196,D2450,2450,22,12,10834,"5G NR (CP-OFDM, 1 RB, 30 MHz, QPSK, 60 kHz)",7.75,30,10,-2,32,90,8.28,3.74,0.07,-0.04,1.5,1.5
197,D2450,2450,23,5,10077,"IEEE 802.11g WiFi 2,4 GHz (DSSS/OFDM, 54 Mbps)",11,20,5,17,-106,165,14.6,6.5,-1.10,-0.79,1.5,1.5
198,D2450,2450,32,17,10415,"IEEE 802.11b WiFi 2.4 GHz (DSSS, 1 Mbps, 99pc duty cycle)",1.54,20,25,43,99,15,10.56,5.76,-0.32,-0.34,1.5,1.5
199,D2450,2450,32,10,10011,"WCDMA, 12,2 kbps RMC, IS-2000",2.91,5,25,-47,108,45,10.7,5.63,-0.26,-0.44,1.5,1.5
200,D2600,2600,5,39,10799,"5G NR (CP-OFDM, 1 RB, 60 MHz, QPSK, 30 kHz)",7.93,60,10,42,-86,30,0.178,0.079,0.08,0.07,1.5,1.5
201,D2600,2600,6,31,10791,"5G NR (CP-OFDM, 1 RB, 5 MHz, QPSK, 30 kHz)",7.83,5,10,-43,10,75,0.227,0.099,0.13,0.05,1.5,1.5
202,D2600,2600,9,27,10066,"IEEE 802.11a/h WiFi 5 GHz (OFDM, 24 Mbps)",9.38,20,5,-45,-65,105,0.707,0.297,-0.97,-0.64,1.5,1.5
203,D2600,2600,12,25,10063,"IEEE 802.11a/h WiFi 5 GHz (OFDM, 9 Mbps)",8.63,20,10,24,-89,165,0.849,0.385,-0.14,-0.05,1.5,1.5
204,D2600,2600,13,9,10227,"LTE-TDD (SC-FDMA, 1 RB, 1,4 MHz, 64-QAM)",10.26,1.4,25,-22,-47,15,0.137,0.073,0.07,0.05,1.5,1.5
205,D2600,2600,13,39,10799,"5G NR (CP-OFDM, 1 RB, 60 MHz, QPSK, 30 kHz)",7.93,60,5,34,97,165,2.05,0.834,-0.35,-0.15,1.5,1.5
206,D2600,2600,13,40,10801,"5G NR (CP-OFDM, 1 RB, 80 MHz, QPSK, 30 kHz)",7.89,80,5,-22,-102,30,1.81,0.767,-0.89,-0.52,1.5,1.5
207,D2600,2600,14,4,10069,"IEEE 802.11a/h WiFi 5 GHz (OFDM, 54 Mbps)",10.56,20,5,41,-57,120,2.41,0.98,-0.65,-0.45,1.5,1.5
208,D2600,2600,16,1,10646,"LTE-TDD (SC-FDMA, 1 RB, 5 MHz, QPSK, UL Subframe=2,7)",11.96,5,5,-14,105,30,3.77,1.54,-0.70,-0.49,1.5,1.5
209,D2600,2600,17,10,10011,"WCDMA, 12,2 kbps RMC, IS-2000",2.91,5,10,21,74,135,2.72,1.21,-0.08,-0.08,1.5,1.5
210,D2600,2600,18,40,10801,"5G NR (CP-OFDM, 1 RB, 80 MHz, QPSK, 30 kHz)",7.89,80,10,31,-38,90,3.56,1.56,0.09,0.02,1.5,1.5
211,D2600,2600,19,0,0,Unmodulated carrier,0,0,25,0,-49,75,0.543,0.288,0.05,0.01,1.5,1.5
212,D2600,2600,19,18,10059,"IEEE 802.11b WiFi 2.4 GHz (DSSS, 2 Mbps)",2.12,20,5,41,57,0,7.11,2.83,-0.95,-0.85,1.5,1.5
213,D2600,2600,19,37,10797,"5G NR (CP-OFDM, 1 RB, 40 MHz, QPSK, 30 kHz)",8.01,40,25,-10,-85,0,0.554,0.293,0.14,0.09,1.5,1.5
214,D2600,2600,22,6,10905,"5G NR (DFT-s-OFDM, 1 RB, 60 MHz, QPSK, 30 kHz)",5.68,60,5,15,-100,120,13.7,5.9,-1.10,-0.66,1.5,1.5
215,D2600,2600,22,31,10791,"5G NR (CP-OFDM, 1 RB, 5 MHz, QPSK, 30 kHz)",7.83,5,5,-11,81,15,14.8,5.82,-0.77,-0.71,1.5,1.5
216,D2600,2600,23,23,10102,"LTE-FDD (SC-FDMA, 100% RB, 20 MHz, 64-QAM)",6.6,20,25,1,-105,150,1.23,0.66,-0.40,-0.38,1.5,1.5
217,D2600,2600,24,17,10415,"IEEE 802.11b WiFi 2.4 GHz (DSSS, 1 Mbps, 99pc duty cycle)",1.54,20,10,-18,-77,135,14.1,6.23,0.06,0.04,1.5,1.5
218,D2600,2600,24,23,10102,"LTE-FDD (SC-FDMA, 100% RB, 20 MHz, 64-QAM)",6.6,20,10,26,-40,165,13.5,6.1,-0.12,-0.06,1.5,1.5
219,D2600,2600,29,40,10801,"5G NR (CP-OFDM, 1 RB, 80 MHz, QPSK, 30 kHz)",7.89,80,25,-41,61,75,5.59,2.98,0.18,0.16,1.5,1.5
220,D3700,3700,4,11,10718,"IEEE 802.11ax (40MHz, MCS11, 99pc duty cycle)",8.24,40,5,36,-45,105,0.417,0.127,-0.50,-0.51,1.6,1.6
221,D3700,3700,5,0,0,Unmodulated carrier,0,0,5,-25,-61,105,0.517,0.162,-0.56,-0.45,1.6,1.6
222,D3700,3700,7,26,10064,"IEEE 802.11a/h WiFi 5 GHz (OFDM, 12 Mbps)",9.09,20,10,-39,66,165,0.353,0.127,0.19,0.20,1.6,1.6
223,D3700,3700,8,7,10112,"LTE-FDD (SC-FDMA, 100% RB, 10 MHz, 64-QAM)",6.59,10,5,28,13,30,1.05,0.343,-0.49,-0.19,1.6,1.6
224,D3700,3700,8,40,10801,"5G NR (CP-OFDM, 1 RB, 80 MHz, QPSK, 30 kHz)",7.89,80,10,-5,11,60,0.463,0.163,0.37,0.28,1.6,1.6
225,D3700,3700,9,5,10077,"IEEE 802.11g WiFi 2,4 GHz (DSSS/OFDM, 54 Mbps)",11,20,5,12,5,120,1.24,0.391,-0.76,-0.62,1.6,1.6
226,D3700,3700,12,22,10100,"LTE-FDD (SC-FDMA, 100% RB, 20 MHz, QPSK)",5.67,20,10,11,30,60,1.1,0.395,0.13,0.13,1.6,1.6
227,D3700,3700,12,30,10647,"LTE-TDD (SC-FDMA, 1 RB, 20 MHz, QPSK, UL Subframe=2,7)",11.96,20,25,-6,61,45,0.119,0.054,0.45,0.35,1.6,1.6
228,D3700,3700,13,37,10797,"5G NR (CP-OFDM, 1 RB, 40 MHz, QPSK, 30 kHz)",8.01,40,25,27,56,150,0.14,0.064,0.16,0.09,1.6,1.6
229,D3700,3700,14,2,10030,"IEEE 802.15.1 Bluetooth (GFSK, DH1)",5.3,1.4,5,1,-50,150,4.24,1.3,-0.42,-0.41,1.6,1.6
230,D3700,3700,14,13,10010,Pulse signal with a period of 10 ms and a duty cycle of 10 %,10,0,25,-43,-89,15,0.185,0.085,0.37,0.32,1.6,1.6
231,D3700,3700,14,23,10102,"LTE-FDD (SC-FDMA, 100% RB, 20 MHz, 64-QAM)",6.6,20,10,33,91,75,1.79,0.654,0.24,0.32,1.6,1.6
232,D3700,3700,16,0,0,Unmodulated carrier,0,0,5,-44,107,45,6.29,2.15,-0.71,-0.22,1.6,1.6
233,D3700,3700,17,0,0,Unmodulated carrier,0,0,25,38,12,45,0.357,0.168,0.23,0.28,1.6,1.6
234,D3700,3700,17,41,10802,"5G NR (CP-OFDM, 1 RB, 90 MHz, QPSK, 30 kHz)",7.87,90,10,-41,50,15,3.49,1.26,0.14,0.17,1.6,1.6
235,D3700,3700,19,10,10011,"WCDMA, 12,2 kbps RMC, IS-2000",2.91,5,10,43,20,15,5.62,2.01,0.21,0.19,1.6,1.6
236,D3700,3700,20,17,10415,"IEEE 802.11b WiFi 2.4 GHz (DSSS, 1 Mbps, 99pc duty cycle)",1.54,20,5,-45,-108,150,17.5,5.27,-0.27,-0.33,1.6,1.6
237,D3700,3700,23,11,10718,"IEEE 802.11ax (40MHz, MCS11, 99pc duty cycle)",8.24,40,5,22,23,15,32.9,9.86,-0.53,-0.61,1.6,1.6
238,D3700,3700,28,34,10794,"5G NR (CP-OFDM, 1 RB, 20 MHz, QPSK, 30 kHz)",7.82,20,25,23,44,105,4.18,1.91,-0.09,-0.16,1.6,1.6
239,D3700,3700,31,39,10799,"5G NR (CP-OFDM, 1 RB, 60 MHz, QPSK, 30 kHz)",7.93,60,25,10,-60,0,6.75,3.1,-1.01,-1.06,1.6,1.6
240,D5200,5200,7,40,10801,"5G NR (CP-OFDM, 1 RB, 80 MHz, QPSK, 30 kHz)",7.89,80,10,-31,16,120,0.391,0.113,0.14,0.24,1.7,1.6
241,D5200,5200,7,16,10973,"5G NR TDD (DFT-s-OFDM, 1 RB, 100 MHz, QPSK, 30 kHz)",5.68,50,5,10,70,45,1.39,0.31,0.03,0.37,1.7,1.6
242,D5200,5200,9,14,10770,"5G NR TDD (CP-OFDM, 1 RB, 20 MHz, QPSK, 15 kHz)",8.02,100,5,35,-77,15,2.5,0.552,0.58,0.87,1.7,1.6
243,D5200,5200,10,10,10011,"WCDMA, 12,2 kbps RMC, IS-2000",2.91,5,10,-37,-41,15,0.772,0.22,0.09,0.13,1.7,1.6
244,D5200,5200,10,37,10797,"5G NR (CP-OFDM, 1 RB, 40 MHz, QPSK, 30 kHz)",8.01,40,5,35,71,45,2.56,0.602,-0.32,0.25,1.7,1.6
245,D5200,5200,13,40,10801,"5G NR (CP-OFDM, 1 RB, 80 MHz, QPSK, 30 kHz)",7.89,80,25,-3,-72,30,0.245,0.098,1.01,0.88,1.7,1.6
246,D5200,5200,13,20,10061,"IEEE 802.11b WiFi 2.4 GHz (DSSS, 11 Mbps)",3.6,20,25,-3,37,0,0.238,0.095,0.88,0.74,1.7,1.6
247,D5200,5200,14,31,10791,"5G NR (CP-OFDM, 1 RB, 5 MHz, QPSK, 30 kHz)",7.83,5,10,-13,38,150,1.95,0.568,0.11,0.25,1.7,1.6
248,D5200,5200,14,40,10801,"5G NR (CP-OFDM, 1 RB, 80 MHz, QPSK, 30 kHz)",7.89,80,10,-45,-28,150,1.89,0.542,-0.02,0.05,1.7,1.6
249,D5200,5200,16,20,10061,"IEEE 802.11b WiFi 2.4 GHz (DSSS, 11 Mbps)",3.6,20,10,-38,-2,90,3.16,0.921,0.21,0.35,1.7,1.6
250,D5200,5200,17,15,10974,"5G NR TDD (CP-OFDM, 100% RB, 100 MHz, 256-QAM, 30 kHz)",10.28,100,25,-23,46,165,0.577,0.234,0.73,0.66,1.7,1.6
251,D5200,5200,19,2,10030,"IEEE 802.15.1 Bluetooth (GFSK, DH1)",5.3,1.4,5,-17,4,120,21.4,4.75,-0.10,0.22,1.7,1.6
252,D5200,5200,19,9,10227,"LTE-TDD (SC-FDMA, 1 RB, 1,4 MHz, 64-QAM)",10.26,1.4,25,35,38,120,0.933,0.377,0.82,0.73,1.7,1.6
253,D5200,5200,20,41,10802,"5G NR (CP-OFDM, 1 RB, 90 MHz, QPSK, 30 kHz)",7.87,90,5,-27,-7,150,25.1,5.66,-0.40,-0.02,1.7,1.6
254,D5200,5200,22,21,10931,"5G NR (DFT-s-OFDM, 1 RB, 20 MHz, QPSK, 15 kHz)",5.51,20,25,38,86,150,1.86,0.748,0.81,0.70,1.7,1.6
255,D5200,5200,24,14,10770,"5G NR TDD (CP-OFDM, 1 RB, 20 MHz, QPSK, 15 kHz)",8.02,100,10,-42,-74,75,19.1,5.63,0.02,0.21,1.7,1.6
256,D5200,5200,25,10,10011,"WCDMA, 12,2 kbps RMC, IS-2000",2.91,5,10,-41,-97,75,22.9,6.98,-0.19,0.14,1.7,1.6
257,D5200,5200,29,12,10834,"5G NR (CP-OFDM, 1 RB, 30 MHz, QPSK, 60 kHz)",7.75,30,25,20,-95,30,9.71,3.89,0.99,0.86,1.7,1.6
258,D5200,5200,29,35,10795,"5G NR (CP-OFDM, 1 RB, 25 MHz, QPSK, 30 kHz)",7.84,25,25,-26,-25,105,9.09,3.69,0.70,0.63,1.7,1.6
259,D5200,5200,31,31,10791,"5G NR (CP-OFDM, 1 RB, 5 MHz, QPSK, 30 kHz)",7.83,5,25,-12,90,60,14.9,6.03,0.85,0.77,1.7,1.6
260,D5500,5500,6,16,10973,"5G NR TDD (DFT-s-OFDM, 1 RB, 100 MHz, QPSK, 30 kHz)",5.68,50,5,15,-6,150,1.12,0.254,-0.39,0.01,1.7,1.6
261,D5500,5500,7,11,10718,"IEEE 802.11ax (40MHz, MCS11, 99pc duty cycle)",8.24,40,5,-4,40,30,1.55,0.35,0.02,0.40,1.7,1.6
262,D5500,5500,7,12,10834,"5G NR (CP-OFDM, 1 RB, 30 MHz, QPSK, 60 kHz)",7.75,30,5,14,55,45,1.45,0.341,-0.27,0.29,1.7,1.6
263,D5500,5500,10,2,10030,"IEEE 802.15.1 Bluetooth (GFSK, DH1)",5.3,1.4,10,9,-81,0,0.775,0.225,-0.31,-0.16,1.7,1.6
264,D5500,5500,12,40,10801,"5G NR (CP-OFDM, 1 RB, 80 MHz, QPSK, 30 kHz)",7.89,80,5,43,-23,60,5.15,1.18,0.24,0.68,1.7,1.6
265,D5500,5500,13,13,10010,Pulse signal with a period of 10 ms and a duty cycle of 10 %,10,0,5,-15,-43,90,4.61,1.04,-1.24,-0.87,1.7,1.6
266,D5500,5500,13,4,10069,"IEEE 802.11a/h WiFi 5 GHz (OFDM, 54 Mbps)",10.56,20,25,40,23,135,0.271,0.108,0.74,0.59,1.7,1.6
267,D5500,5500,13,32,10792,"5G NR (CP-OFDM, 1 RB, 10 MHz, QPSK, 30 kHz)",7.92,10,10,9,53,75,1.47,0.437,-0.53,-0.28,1.7,1.6
268,D5500,5500,16,17,10415,"IEEE 802.11b WiFi 2.4 GHz (DSSS, 1 Mbps, 99pc duty cycle)",1.54,20,10,-25,-52,135,3.16,0.875,-0.20,-0.26,1.7,1.6
269,D5500,5500,16,34,10794,"5G NR (CP-OFDM, 1 RB, 20 MHz, QPSK, 30 kHz)",7.82,20,10,9,28,135,3.08,0.877,-0.32,-0.25,1.7,1.6
270,D5500,5500,18,23,10102,"LTE-FDD (SC-FDMA, 100% RB, 20 MHz, 64-QAM)",6.6,20,10,0,-11,75,4.76,1.37,-0.43,-0.31,1.7,1.6
271,D5500,5500,19,16,10973,"5G NR TDD (DFT-s-OFDM, 1 RB, 100 MHz, QPSK, 30 kHz)",5.68,50,25,-35,41,15,1.09,0.429,0.78,0.58,1.7,1.6
272,D5500,5500,20,7,10112,"LTE-FDD (SC-FDMA, 100% RB, 10 MHz, 64-QAM)",6.59,10,10,1,22,0,7.11,2.06,-0.68,-0.54,1.7,1.6
273,D5500,5500,20,16,10973,"5G NR TDD (DFT-s-OFDM, 1 RB, 100 MHz, QPSK, 30 kHz)",5.68,50,10,6,-36,45,6.83,1.99,-0.86,-0.69,1.7,1.6
274,D5500,5500,23,25,10063,"IEEE 802.11a/h WiFi 5 GHz (OFDM, 9 Mbps)",8.63,20,5,40,-37,75,62.1,15.2,0.05,0.78,1.7,1.6
275,D5500,5500,25,21,10931,"5G NR (DFT-s-OFDM, 1 RB, 20 MHz, QPSK, 15 kHz)",5.51,20,10,-49,-105,150,23.9,6.42,-0.42,-0.61,1.7,1.6
276,D5500,5500,26,11,10718,"IEEE 802.11ax (40MHz, MCS11, 99pc duty cycle)",8.24,40,25,42,47,30,4.54,1.84,-0.02,-0.10,1.7,1.6
277,D5500,5500,27,2,10030,"IEEE 802.15.1 Bluetooth (GFSK, DH1)",5.3,1.4,25,47,-6,105,5.45,2.13,-0.23,-0.47,1.7,1.6
278,D5500,5500,31,4,10069,"IEEE 802.11a/h WiFi 5 GHz (OFDM, 54 Mbps)",10.56,20,25,37,-93,135,18.3,7.37,1.03,0.93,1.7,1.6
279,D5500,5500,32,12,10834,"5G NR (CP-OFDM, 1 RB, 30 MHz, QPSK, 60 kHz)",7.75,30,25,21,0,75,22.1,8.71,0.85,0.65,1.7,1.6
280,D5600,5600,6,30,10647,"LTE-TDD (SC-FDMA, 1 RB, 20 MHz, QPSK, UL Subframe=2,7)",11.96,20,10,32,-10,45,0.277,0.084,-0.61,-0.29,1.7,1.6
281,D5600,5600,9,4,10069,"IEEE 802.11a/h WiFi 5 GHz (OFDM, 54 Mbps)",10.56,20,5,48,10,30,2.7,0.552,0.58,0.51,1.7,1.6
282,D5600,5600,11,27,10066,"IEEE 802.11a/h WiFi 5 GHz (OFDM, 24 Mbps)",9.38,20,5,29,79,30,3.43,0.733,-0.38,-0.26,1.7,1.6
283,D5600,5600,12,16,10973,"5G NR TDD (DFT-s-OFDM, 1 RB, 100 MHz, QPSK, 30 kHz)",5.68,50,10,37,4,90,1.2,0.341,-0.24,-0.20,1.7,1.6
284,D5600,5600,13,34,10794,"5G NR (CP-OFDM, 1 RB, 20 MHz, QPSK, 30 kHz)",7.82,20,25,2,18,15,0.304,0.118,1.28,1.00,1.7,1.6
285,D5600,5600,13,33,10793,"5G NR (CP-OFDM, 1 RB, 15 MHz, QPSK, 30 kHz)",7.95,15,10,-28,-59,150,1.48,0.419,-0.33,-0.31,1.7,1.6
286,D5600,5600,13,36,10796,"5G NR (CP-OFDM, 1 RB, 30 MHz, QPSK, 30 kHz)",7.82,30,10,-4,-87,90,1.56,0.431,-0.10,-0.19,1.7,1.6
287,D5600,5600,13,37,10797,"5G NR (CP-OFDM, 1 RB, 40 MHz, QPSK, 30 kHz)",8.01,40,5,27,89,15,5.47,1.16,-0.35,-0.26,1.7,1.6
288,D5600,5600,14,18,10059,"IEEE 802.11b WiFi 2.4 GHz (DSSS, 2 Mbps)",2.12,20,5,-26,-91,60,7.04,1.48,-0.26,-0.21,1.7,1.6
289,D5600,5600,14,26,10064,"IEEE 802.11a/h WiFi 5 GHz (OFDM, 12 Mbps)",9.09,20,5,-43,-46,15,8.31,1.71,0.46,0.42,1.7,1.6
290,D5600,5600,14,30,10647,"LTE-TDD (SC-FDMA, 1 RB, 20 MHz, QPSK, UL Subframe=2,7)",11.96,20,25,37,-35,60,0.355,0.139,0.96,0.71,1.7,1.6
291,D5600,5600,15,17,10415,"IEEE 802.11b WiFi 2.4 GHz (DSSS, 1 Mbps, 99pc duty cycle)",1.54,20,25,44,-84,75,0.465,0.187,1.13,1.00,1.7,1.6
292,D5600,5600,15,26,10064,"IEEE 802.11a/h WiFi 5 GHz (OFDM, 12 Mbps)",9.09,20,10,-35,-70,150,2.32,0.659,-0.38,-0.34,1.7,1.6
293,D5600,5600,17,10,10011,"WCDMA, 12,2 kbps RMC, IS-2000",2.91,5,25,-18,-52,15,0.746,0.284,1.18,0.82,1.7,1.6
294,D5600,5600,17,38,10798,"5G NR (CP-OFDM, 1 RB, 50 MHz, QPSK, 30 kHz)",7.89,50,5,15,-92,75,12.6,2.74,-0.73,-0.53,1.7,1.6
295,D5600,5600,20,6,10905,"5G NR (DFT-s-OFDM, 1 RB, 60 MHz, QPSK, 30 kHz)",5.68,60,5,32,41,135,24.2,5.13,-0.89,-0.81,1.7,1.6
296,D5600,5600,21,37,10797,"5G NR (CP-OFDM, 1 RB, 40 MHz, QPSK, 30 kHz)",8.01,40,10,-8,6,75,7.99,2.33,-1.01,-0.86,1.7,1.6
297,D5600,5600,23,28,10067,"IEEE 802.11a/h WiFi 5 GHz (OFDM, 36 Mbps)",10.12,20,10,19,101,45,12.3,3.49,-1.13,-1.10,1.7,1.6
298,D5600,5600,24,30,10647,"LTE-TDD (SC-FDMA, 1 RB, 20 MHz, QPSK, UL Subframe=2,7)",11.96,20,25,-39,108,135,3.59,1.45,1.00,0.90,1.7,1.6
299,D5600,5600,24,38,10798,"5G NR (CP-OFDM, 1 RB, 50 MHz, QPSK, 30 kHz)",7.89,50,25,-44,75,135,3,1.2,0.23,0.08,1.7,1.6
300,D5800,5800,6,39,10799,"5G NR (CP-OFDM, 1 RB, 60 MHz, QPSK, 30 kHz)",7.93,60,10,0,-9,165,0.303,0.085,-0.11,-0.11,1.7,1.6
301,D5800,5800,7,20,10061,"IEEE 802.11b WiFi 2.4 GHz (DSSS, 11 Mbps)",3.6,20,5,7,-11,75,1.37,0.293,-0.01,0.11,1.7,1.6
302,D5800,5800,8,36,10796,"5G NR (CP-OFDM, 1 RB, 30 MHz, QPSK, 30 kHz)",7.82,30,5,44,-16,135,1.83,0.376,0.25,0.19,1.7,1.6
303,D5800,5800,10,16,10973,"5G NR TDD (DFT-s-OFDM, 1 RB, 100 MHz, QPSK, 30 kHz)",5.68,50,10,-2,-54,150,0.77,0.217,-0.06,-0.04,1.7,1.6
304,D5800,5800,11,39,10799,"5G NR (CP-OFDM, 1 RB, 60 MHz, QPSK, 30 kHz)",7.93,60,10,-33,-71,60,1.05,0.291,0.29,0.23,1.7,1.6
305,D5800,5800,13,4,10069,"IEEE 802.11a/h WiFi 5 GHz (OFDM, 54 Mbps)",10.56,20,5,4,-50,120,6.01,1.25,0.41,0.41,1.7,1.6
306,D5800,5800,13,17,10415,"IEEE 802.11b WiFi 2.4 GHz (DSSS, 1 Mbps, 99pc duty cycle)",1.54,20,25,-18,-28,90,0.335,0.126,0.55,0.44,1.7,1.6
307,D5800,5800,14,7,10112,"LTE-FDD (SC-FDMA, 100% RB, 10 MHz, 64-QAM)",6.59,10,25,20,99,75,0.412,0.161,0.45,0.51,1.7,1.6
308,D5800,5800,15,6,10905,"5G NR (DFT-s-OFDM, 1 RB, 60 MHz, QPSK, 30 kHz)",5.68,60,10,-14,-72,75,2.5,0.701,0.06,0.05,1.7,1.6
309,D5800,5800,15,23,10102,"LTE-FDD (SC-FDMA, 100% RB, 20 MHz, 64-QAM)",6.6,20,10,-18,96,60,2.64,0.729,0.30,0.22,1.7,1.6
310,D5800,5800,15,33,10793,"5G NR (CP-OFDM, 1 RB, 15 MHz, QPSK, 30 kHz)",7.95,15,5,29,-91,150,8.3,1.76,-0.19,-0.10,1.7,1.6
311,D5800,5800,17,12,10834,"5G NR (CP-OFDM, 1 RB, 30 MHz, QPSK, 60 kHz)",7.75,30,10,-30,-98,105,3.9,1.09,-0.01,-0.03,1.7,1.6
312,D5800,5800,18,6,10905,"5G NR (DFT-s-OFDM, 1 RB, 60 MHz, QPSK, 30 kHz)",5.68,60,10,-6,103,60,5.42,1.46,0.42,0.24,1.7,1.6
313,D5800,5800,20,14,10770,"5G NR TDD (CP-OFDM, 1 RB, 20 MHz, QPSK, 15 kHz)",8.02,100,5,45,85,0,29.9,6.35,0.38,0.47,1.7,1.6
314,D5800,5800,21,0,0,Unmodulated carrier,0,0,25,16,-107,165,1.99,0.783,0.29,0.38,1.7,1.6
315,D5800,5800,21,17,10415,"IEEE 802.11b WiFi 2.4 GHz (DSSS, 1 Mbps, 99pc duty cycle)",1.54,20,25,-39,52,135,1.97,0.787,0.24,0.40,1.7,1.6
316,D5800,5800,21,35,10795,"5G NR (CP-OFDM, 1 RB, 25 MHz, QPSK, 30 kHz)",7.84,25,25,34,-66,30,2.03,0.79,0.37,0.42,1.7,1.6
317,D5800,5800,26,17,10415,"IEEE 802.11b WiFi 2.4 GHz (DSSS, 1 Mbps, 99pc duty cycle)",1.54,20,25,35,-41,165,6.23,2.4,0.24,0.24,1.7,1.6
318,D5800,5800,27,13,10010,Pulse signal with a period of 10 ms and a duty cycle of 10 %,10,0,25,13,93,165,7.67,3.04,0.15,0.27,1.7,1.6
319,D5800,5800,32,40,10801,"5G NR (CP-OFDM, 1 RB, 80 MHz, QPSK, 30 kHz)",7.89,80,25,-30,-17,60,25.2,9.78,0.31,0.34,1.7,1.6
323,V750,750,16,2,10030,"IEEE 802.15.1 Bluetooth (GFSK, DH1)",5.3,1.4,2,-42,-53,105,0.389,0.121,-1.22,-1.04,1.9,1.6
324,V750,750,16,7,10112,"LTE-FDD (SC-FDMA, 100% RB, 10 MHz, 64-QAM)",6.59,10,2,-31,74,0,0.421,0.126,-0.88,-0.86,1.9,1.6
326,V750,750,20,1,10646,"LTE-TDD (SC-FDMA, 1 RB, 5 MHz, QPSK, UL Subframe=2,7)",11.96,5,2,-24,-69,105,1.25,0.352,-0.15,-0.40,1.9,1.6
333,V750,750,27,31,10791,"5G NR (CP-OFDM, 1 RB, 5 MHz, QPSK, 30 kHz)",7.83,5,2,26,-90,135,6.1,1.68,-0.27,-0.61,1.9,1.6
335,V750,750,30,10,10011,"WCDMA, 12,2 kbps RMC, IS-2000",2.91,5,2,16,13,0,9.98,2.83,-1.13,-1.35,1.9,1.6
340,V835,835,12,17,10415,"IEEE 802.11b WiFi 2.4 GHz (DSSS, 1 Mbps, 99pc duty cycle)",1.54,20,2,-46,59,75,0.153,0.049,-1.36,-0.92,1.9,1.6
342,V835,835,12,33,10793,"5G NR (CP-OFDM, 1 RB, 15 MHz, QPSK, 30 kHz)",7.95,15,2,-16,0,150,0.155,0.047,-1.31,-1.10,1.9,1.6
343,V835,835,13,17,10415,"IEEE 802.11b WiFi 2.4 GHz (DSSS, 1 Mbps, 99pc duty cycle)",1.54,20,2,-17,52,120,0.204,0.06,-1.12,-1.04,1.9,1.6
345,V835,835,16,1,10646,"LTE-TDD (SC-FDMA, 1 RB, 5 MHz, QPSK, UL Subframe=2,7)",11.96,5,2,-19,50,165,0.582,0.155,0.44,0.08,1.9,1.6
346,V835,835,17,27,10066,"IEEE 802.11a/h WiFi 5 GHz (OFDM, 24 Mbps)",9.38,20,2,-36,87,75,0.614,0.177,-0.33,-0.34,1.9,1.6
347,V835,835,21,0,0,Unmodulated carrier,0,0,2,17,-21,105,1.51,0.431,-0.42,-0.48,1.9,1.6
348,V835,835,21,28,10067,"IEEE 802.11a/h WiFi 5 GHz (OFDM, 36 Mbps)",10.12,20,2,38,9,60,1.62,0.433,-0.12,-0.46,1.9,1.6
351,V835,835,25,20,10061,"IEEE 802.11b WiFi 2.4 GHz (DSSS, 11 Mbps)",3.6,20,2,-40,-102,60,3.05,0.925,-1.37,-1.16,1.9,1.6
352,V835,835,25,28,10067,"IEEE 802.11a/h WiFi 5 GHz (OFDM, 36 Mbps)",10.12,20,2,-24,-109,30,4.63,1.46,0.44,0.82,1.9,1.6
353,V835,835,25,4,10069,"IEEE 802.11a/h WiFi 5 GHz (OFDM, 54 Mbps)",10.56,20,2,4,32,0,4.38,1.15,0.20,-0.22,1.9,1.6
355,V835,835,26,21,10931,"5G NR (DFT-s-OFDM, 1 RB, 20 MHz, QPSK, 15 kHz)",5.51,20,2,-12,77,30,4.27,1.28,-0.91,-0.75,1.9,1.6
356,V835,835,28,30,10647,"LTE-TDD (SC-FDMA, 1 RB, 20 MHz, QPSK, UL Subframe=2,7)",11.96,20,2,10,-90,60,6.13,1.88,-1.34,-1.08,1.9,1.6
357,V835,835,29,32,10792,"5G NR (CP-OFDM, 1 RB, 10 MHz, QPSK, 30 kHz)",7.92,10,2,8,-1,105,9.5,2.81,-0.43,-0.34,1.9,1.6
358,V835,835,30,2,10030,"IEEE 802.15.1 Bluetooth (GFSK, DH1)",5.3,1.4,2,4,37,120,12.5,3.44,-0.24,-0.46,1.9,1.6
360,V1950,1950,18,34,10794,"5G NR (CP-OFDM, 1 RB, 20 MHz, QPSK, 30 kHz)",7.82,20,2,-23,11,60,0.48,0.184,-0.57,-0.89,1.7,1.5
362,V1950,1950,22,34,10794,"5G NR (CP-OFDM, 1 RB, 20 MHz, QPSK, 30 kHz)",7.82,20,2,-28,-29,90,1.39,0.516,0.05,-0.42,1.7,1.5
363,V1950,1950,23,5,10077,"IEEE 802.11g WiFi 2,4 GHz (DSSS/OFDM, 54 Mbps)",11,20,2,49,-62,45,1.62,0.619,-0.29,-0.63,1.7,1.5
364,V1950,1950,23,22,10100,"LTE-FDD (SC-FDMA, 100% RB, 20 MHz, QPSK)",5.67,20,2,-40,-40,90,1.76,0.649,0.07,-0.42,1.7,1.5
365,V1950,1950,24,5,10077,"IEEE 802.11g WiFi 2,4 GHz (DSSS/OFDM, 54 Mbps)",11,20,2,3,62,90,2.43,0.856,0.47,-0.22,1.7,1.5
366,V1950,1950,24,4,10069,"IEEE 802.11a/h WiFi 5 GHz (OFDM, 54 Mbps)",10.56,20,2,-8,-95,120,2.48,0.899,0.56,0.00,1.7,1.5
369,V1950,1950,26,9,10227,"LTE-TDD (SC-FDMA, 1 RB, 1,4 MHz, 64-QAM)",10.26,1.4,2,-29,-94,0,3.75,1.3,0.36,-0.40,1.7,1.5
372,V1950,1950,29,9,10227,"LTE-TDD (SC-FDMA, 1 RB, 1,4 MHz, 64-QAM)",10.26,1.4,2,41,-74,75,7.04,2.58,0.09,-0.43,1.7,1.5
374,V1950,1950,32,17,10415,"IEEE 802.11b WiFi 2.4 GHz (DSSS, 1 Mbps, 99pc duty cycle)",1.54,20,2,13,-49,0,11.9,4.82,-0.63,-0.71,1.7,1.5
376,V1950,1950,34,22,10100,"LTE-FDD (SC-FDMA, 100% RB, 20 MHz, QPSK)",5.67,20,2,-21,-82,165,24.7,8.62,0.54,-0.19,1.7,1.5
378,V1950,1950,35,23,10102,"LTE-FDD (SC-FDMA, 100% RB, 20 MHz, 64-QAM)",6.6,20,2,11,-39,90,24.9,9.26,-0.42,-0.88,1.7,1.5
379,V1950,1950,37,18,10059,"IEEE 802.11b WiFi 2.4 GHz (DSSS, 2 Mbps)",2.12,20,2,-24,75,0,38.1,14.9,-0.58,-0.81,1.7,1.5
380,V3700,3700,14,31,10791,"5G NR (CP-OFDM, 1 RB, 5 MHz, QPSK, 30 kHz)",7.83,5,2,-21,77,105,0.27,0.109,0.37,0.20,1.6,1.6
381,V3700,3700,15,36,10796,"5G NR (CP-OFDM, 1 RB, 30 MHz, QPSK, 30 kHz)",7.82,30,2,14,62,165,0.357,0.146,0.58,0.47,1.6,1.6
382,V3700,3700,18,36,10796,"5G NR (CP-OFDM, 1 RB, 30 MHz, QPSK, 30 kHz)",7.82,30,2,-48,64,165,0.678,0.303,0.37,0.64,1.6,1.6
383,V3700,3700,19,18,10059,"IEEE 802.11b WiFi 2.4 GHz (DSSS, 2 Mbps)",2.12,20,2,48,-3,60,0.959,0.347,0.87,0.23,1.6,1.6
384,V3700,3700,20,4,10069,"IEEE 802.11a/h WiFi 5 GHz (OFDM, 54 Mbps)",10.56,20,2,-42,72,45,1.1,0.474,0.47,0.59,1.6,1.6
385,V3700,3700,21,35,10795,"5G NR (CP-OFDM, 1 RB, 25 MHz, QPSK, 30 kHz)",7.84,25,2,49,-54,45,1.42,0.574,0.58,0.42,1.6,1.6
386,V3700,3700,22,19,10060,"IEEE 802.11b WiFi 2.4 GHz (DSSS, 5.5 Mbps)",2.83,20,2,-16,-30,150,1.99,0.765,1.04,0.67,1.6,1.6
387,V3700,3700,24,19,10060,"IEEE 802.11b WiFi 2.4 GHz (DSSS, 5.5 Mbps)",2.83,20,2,-7,35,150,3.27,1.24,1.20,0.76,1.6,1.6
388,V3700,3700,26,1,10646,"LTE-TDD (SC-FDMA, 1 RB, 5 MHz, QPSK, UL Subframe=2,7)",11.96,5,2,30,-32,150,3.49,1.42,-0.52,-0.65,1.6,1.6
389,V3700,3700,26,6,10905,"5G NR (DFT-s-OFDM, 1 RB, 60 MHz, QPSK, 30 kHz)",5.68,60,2,-32,-4,135,4.61,1.9,0.69,0.62,1.6,1.6
390,V3700,3700,26,15,10974,"5G NR TDD (CP-OFDM, 100% RB, 100 MHz, 256-QAM, 30 kHz)",10.28,100,2,5,7,120,4.05,1.73,0.13,0.21,1.6,1.6
391,V3700,3700,27,4,10069,"IEEE 802.11a/h WiFi 5 GHz (OFDM, 54 Mbps)",10.56,20,2,-46,-12,150,4.52,1.85,-0.39,-0.50,1.6,1.6
392,V3700,3700,27,14,10770,"5G NR TDD (CP-OFDM, 1 RB, 20 MHz, QPSK, 15 kHz)",8.02,100,2,-28,-101,135,5.55,2.3,0.50,0.45,1.6,1.6
393,V3700,3700,27,18,10059,"IEEE 802.11b WiFi 2.4 GHz (DSSS, 2 Mbps)",2.12,20,2,-37,-16,135,5.97,2.34,0.82,0.52,1.6,1.6
394,V3700,3700,28,13,10010,Pulse signal with a period of 10 ms and a duty cycle of 10 %,10,0,2,-33,66,15,6.59,2.69,0.24,0.13,1.6,1.6
395,V3700,3700,28,15,10974,"5G NR TDD (CP-OFDM, 100% RB, 100 MHz, 256-QAM, 30 kHz)",10.28,100,2,4,-83,105,5.66,2.44,-0.42,-0.30,1.6,1.6
396,V3700,3700,29,38,10798,"5G NR (CP-OFDM, 1 RB, 50 MHz, QPSK, 30 kHz)",7.89,50,2,-33,68,30,7.35,3.33,-0.28,0.05,1.6,1.6
397,V3700,3700,30,34,10794,"5G NR (CP-OFDM, 1 RB, 20 MHz, QPSK, 30 kHz)",7.82,20,2,-43,67,45,9.13,3.79,-0.34,-0.38,1.6,1.6
398,V3700,3700,32,4,10069,"IEEE 802.11a/h WiFi 5 GHz (OFDM, 54 Mbps)",10.56,20,2,29,78,105,16.1,7.23,0.12,0.42,1.6,1.6
399,V3700,3700,32,4,10069,"IEEE 802.11a/h WiFi 5 GHz (OFDM, 54 Mbps)",10.56,20,2,46,48,105,19.1,7.45,0.87,0.55,1.6,1.6
